<?xml version="1.0" encoding="UTF-8" standalone="no"?>
<configuration>
  <reconnectOnConnectionFailure>true</reconnectOnConnectionFailure>
  <isolation>TRANSACTION_SERIALIZABLE</isolation>
  <batchsize>128</batchsize>
  <scalefactor>0.01</scalefactor>
  <terminals>1</terminals>
  <works>
    <work>
      <time>120</time>
      <rate>20000</rate>
      <weights>90,0,10,0,0,0</weights>
    </work>
  </works>
  <transactiontypes>
    <transactiontype>
      <name>ReadRecord</name>
    </transactiontype>
    <transactiontype>
      <name>InsertRecord</name>
    </transactiontype>
    <transactiontype>
      <name>ScanRecord</name>
    </transactiontype>
    <transactiontype>
      <name>UpdateRecord</name>
    </transactiontype>
    <transactiontype>
      <name>DeleteRecord</name>
    </transactiontype>
    <transactiontype>
      <name>ReadModifyWriteRecord</name>
    </transactiontype>
  </transactiontypes>
</configuration>
